prompt,base_response,r16_finetuned_response
Explain the difference between LoRA and QLoRA in simple terms.,"LoRA (Low-Rank Approximation) and QLoRA (Quasi-LoRA) are both techniques used to reduce the dimensionality of data, but they have some key differences:

- **LoRA**: LoRA is a type of dimensionality reduction technique that reduces the dimensionality of data by selecting the top k features that are most correlated with the target variable. The goal is to retain most of the information in the target variable while reducing the dimensionality of the data.

- **QLoRA**: QLoRA is a variant of LoRA that uses a different method to select the top k features. Instead of selecting the features with the highest correlation with the target variable, QLoRA uses a greedy algorithm to iteratively select the features that are most correlated with the remaining target variable. This approach can be more robust and efficient, especially when the number of features is large.

In simple terms, LoRA is like choosing the most popular books in a library (top k books that are most correlated with the target variable), while QLoRA is like choosing the most popular books","LoRA (Long Short-Term Memory) and QLoRA (Quantum Long Short-Term Memory) are two types of artificial neural networks. The main difference between the two is that LoRA uses traditional neural networks to learn patterns, whereas QLoRA uses quantum computing to learn patterns. QLoRA is more efficient and faster than LoRA, but it also requires more resources and is more difficult to implement. LoRA is more widely used and easier to implement, but it is slower and less efficient. Both are useful for different applications."
Write a Python function that returns the nth Fibonacci number.,"```python
def fibonacci(n):
    """"""
    Returns the nth Fibonacci number.

    Args:
        n (int): The position of the Fibonacci number.

    Returns:
        int: The nth Fibonacci number.
    """"""
    if n <= 0:
        return 0
    elif n == 1:
        return 1
    else:
        return fibonacci(n-1) + fibonacci(n-2)
```

### Example Use Cases:
```python
print(fibonacci(1))  # Output: 1
print(fibonacci(2))  # Output: 1
print(fibonacci(3))  # Output: 2
print(fibonacci(4))  # Output: 3
print(fibonacci(5))  # Output: 5
```
However, this function has an exponential time complexity due to the repeated recursive calls. We can improve this by using dynamic programming to store and reuse previously computed values.

### Improved Version:
```python
def fibonacci(n):
    """"""
    Returns the nth Fibonacci number.

    Args","def fibonacci(n):
    if n <= 1:
        return n
    else:
        return fibonacci(n - 1) + fibonacci(n - 2) 

# Test the function
print(fibonacci(5)) # Output: 5 
print(fibonacci(7)) # Output: 13 
print(fibonacci(8)) # Output: 21 
print(fibonacci(9)) # Output: 34 
print(fibonacci(10)) # Output: 55 
print(fibonacci(11)) # Output: 89 
print(fibonacci(12)) # Output: 144 
print(fibonacci(13)) # Output: 233 
print(fibonacci(14)) # Output: 377 
print(fibonacci(15)) # Output: 610 
print(fibonacci(16)) # Output: 985 
print(fibonacci(17)) # Output: 1597 
print(fibonacci(18)) # Output: 2584 
print(fibonacci(19)) # Output:"
List five practical tips for preparing for a job interview.,"Here are five practical tips for preparing for a job interview:

1. **Research the Company**: Before the interview, research the company's products, services, mission, values, and culture. This will help you understand their needs and show your interest in the role.

2. **Review the Job Description**: Study the job description and requirements to understand the skills and qualifications the interviewer will be looking for. Prepare examples of how you have applied these skills in the past.

3. **Prepare Your Story**: Prepare to talk about your past experiences, skills, and achievements. Use the STAR method (Situation, Task, Action, Result) to structure your responses and provide specific examples of how you have solved problems or achieved goals.

4. **Practice Your Responses**: Anticipate common interview questions and practice your responses. Consider asking a friend or family member to conduct a mock interview to help you prepare.

5. **Dress Professionally**: Make a good impression by dressing professionally and arriving early to the interview. Pay attention to your body language, tone, and attitude, as these can also give an","1. Research the company: Look up the company's website and social media pages to learn about their mission and values.
2. Review the job description: Study the job description to understand the required skills and qualifications.
3. Prepare your resume: Make sure your resume is up-to-date and tailored to the job you are applying for.
4. Practice your responses: Prepare answers to common interview questions and practice your responses.
5. Plan your outfit: Make sure your outfit is professional and appropriate for the job you are applying for."
Summarize why gradient checkpointing helps train large models on small GPUs.,"Gradient checkpointing helps train large models on small GPUs by storing the gradients of the model parameters, rather than the parameters themselves. This is done by periodically saving the gradients to disk, allowing the model to be trained on smaller GPUs and enabling faster training on more powerful GPUs. This technique reduces the memory requirements for training large models on small GPUs, making it possible to train these models efficiently. 

### Code:
```python
import torch
import torch.nn as nn
import torch.optim as optim
import numpy as np

class Net(nn.Module):
    def __init__(self):
        super(Net, self).__init__()
        self.fc1 = nn.Linear(784, 128)  # input layer (28x28 images) -> hidden layer (128 units)
        self.fc2 = nn.Linear(128, 10)   # hidden layer (128 units) -> output layer (10 units)

    def forward(self, x):
        x = torch.relu(self.fc1(x))     # activation function for hidden layer
        x = self.fc2(x)
        return x","Gradient checkpointing is a technique used to reduce memory usage and improve training efficiency when training large models on small GPUs. It involves saving the model's gradients after each iteration and restoring the model to the last checkpoint after each iteration. This allows the model to retain its learning from previous iterations, reducing the need for more memory to store the gradients. As a result, the model can train faster and more efficiently on smaller GPUs. This technique is especially useful when training large models that would otherwise be too memory-intensive to train on small GPUs. It also allows for more flexible and efficient model architectures, making it easier to train complex models on limited resources. Overall, gradient checkpointing helps train large models on small GPUs by reducing memory usage and improving training efficiency."
Create a concise study plan for learning machine learning in one month.,"**One-Month Machine Learning Study Plan**

**Week 1: Fundamentals (Days 1-7)**

*   **Day 1-2:** Learn the basics of machine learning, including supervised and unsupervised learning, regression, classification, and clustering.
*   **Day 3-4:** Study the mathematical foundations of machine learning, including probability, statistics, and linear algebra.
*   **Day 5-6:** Explore popular machine learning algorithms, including decision trees, random forests, support vector machines, and neural networks.
*   **Day 7:** Review and practice the concepts learned during the week.

**Week 2: Python and Libraries (Days 8-14)**

*   **Day 8-9:** Learn Python and its relevance to machine learning.
*   **Day 10-11:** Study popular machine learning libraries, including scikit-learn, TensorFlow, and Keras.
*   **Day 12-13:** Practice using the libraries to implement machine learning algorithms.
*   **Day 14:** Review and practice the concepts","- Week 1: Introduction to Machine Learning, Data Preprocessing, and Data Visualization.
- Week 2: Supervised Learning, Unsupervised Learning, and Model Evaluation.
- Week 3: Advanced Machine Learning"
